Bot_L,Bot_R,Timer,ActInterval,Round,SkillLeft,SkillRight,Games,Winner_L,Winner_R,ActionCounts_L,ActionCounts_R,TotalActions,Duration_L,Duration_R,Collisions_L,Collisions_R,Accelerate_Act_L,Accelerate_Act_R,TurnLeft_Act_L,TurnLeft_Act_R,TurnRight_Act_L,TurnRight_Act_R,Dash_Act_L,Dash_Act_R,SkillBoost_Act_L,SkillBoost_Act_R,SkillStone_Act_L,SkillStone_Act_R,WinRate_L,WinRate_R
Bot_BT,Bot_MCTS,45.0,0.1,BestOf1,Boost,Boost,10,4,6,1033,783,1816,164.094951905,232.70000000000002,32,42,337,257,337,193,324,309,29,15,6,9,0,0,0.4,0.6
Bot_BT,Bot_MCTS,45.0,0.1,BestOf1,Boost,Stone,10,3,7,514,488,1002,129.730928352,208.9,45,11,174,242,85,74,207,137,35,16,13,0,0,19,0.3,0.7
Bot_BT,Bot_MCTS,45.0,0.1,BestOf1,Stone,Boost,10,7,3,518,352,870,89.99838220699999,171.40000000000003,23,16,194,124,103,73,196,127,20,10,0,18,5,0,0.7,0.3
Bot_BT,Bot_MCTS,45.0,0.1,BestOf1,Stone,Stone,10,3,7,1527,1315,2842,248.098421732,403.09999999999997,62,36,802,719,138,109,523,459,51,11,0,0,13,17,0.3,0.7
Bot_BT,Bot_MCTS,45.0,0.1,BestOf3,Boost,Boost,10,5,5,1173,933,2106,217.211917815,427.79999999999995,71,31,403,324,224,180,496,378,36,13,14,38,0,0,0.5,0.5
Bot_BT,Bot_MCTS,45.0,0.1,BestOf3,Boost,Stone,10,5,5,1407,1336,2743,384.28714850200004,605.0999999999999,121,40,476,656,266,197,545,384,78,41,42,0,0,58,0.5,0.5
Bot_BT,Bot_MCTS,45.0,0.1,BestOf3,Stone,Boost,10,3,7,1696,1130,2826,328.021969135,541.6999999999999,88,79,685,439,325,260,595,354,67,22,0,55,24,0,0.3,0.7
Bot_BT,Bot_MCTS,45.0,0.1,BestOf3,Stone,Stone,10,2,7,2556,2210,4766,561.46773048,854.8000000000001,134,108,1236,1253,357,263,780,576,131,50,0,0,52,68,0.2,0.7
Bot_BT,Bot_MCTS,45.0,0.2,BestOf1,Boost,Boost,10,3,7,942,421,1363,119.698913662,167.5,46,10,478,112,38,45,423,248,2,4,1,12,0,0,0.3,0.7
Bot_BT,Bot_MCTS,45.0,0.2,BestOf1,Boost,Stone,10,1,9,396,234,630,82.34347699,132.3,34,9,189,92,36,27,153,96,11,4,7,0,0,15,0.1,0.9
Bot_BT,Bot_MCTS,45.0,0.2,BestOf1,Stone,Boost,10,2,8,290,155,445,44.615667246,87.7,26,9,142,57,56,34,86,50,4,4,0,10,2,0,0.2,0.8
Bot_BT,Bot_MCTS,45.0,0.2,BestOf1,Stone,Stone,10,5,5,511,304,815,91.04549344,187.20000000000002,34,16,254,109,55,43,187,122,9,7,0,0,6,23,0.5,0.5
Bot_BT,Bot_MCTS,45.0,0.2,BestOf3,Boost,Boost,10,1,9,2761,1277,4038,371.45123691699996,483.5999999999999,161,32,1402,326,136,198,1205,716,11,5,7,32,0,0,0.1,0.9
Bot_BT,Bot_MCTS,45.0,0.2,BestOf3,Boost,Stone,10,0,10,1420,870,2290,271.534190544,341.4,120,13,682,348,125,110,562,356,31,30,20,0,0,26,0.0,1.0
Bot_BT,Bot_MCTS,45.0,0.2,BestOf3,Stone,Boost,10,5,5,2124,984,3108,293.78898169400003,391.0999999999999,102,32,1077,279,103,126,915,538,22,13,0,28,7,0,0.5,0.5
Bot_BT,Bot_MCTS,45.0,0.2,BestOf3,Stone,Stone,10,2,8,3109,1656,4765,480.99271706499997,574.2,150,48,1704,704,105,156,1219,732,59,28,0,0,22,36,0.2,0.8
Bot_BT,Bot_MCTS,60.0,0.1,BestOf1,Boost,Boost,10,4,6,1349,962,2311,221.362772599,303.1,69,30,480,274,160,135,662,536,37,5,10,12,0,0,0.4,0.6
Bot_BT,Bot_MCTS,60.0,0.1,BestOf1,Boost,Stone,10,4,6,580,551,1131,157.409669712,248.0,55,20,196,279,126,90,204,141,37,16,17,0,0,25,0.4,0.6
Bot_BT,Bot_MCTS,60.0,0.1,BestOf1,Stone,Boost,10,2,8,534,375,909,105.90555480699999,167.9,29,21,211,140,116,85,177,128,22,7,0,15,8,0,0.2,0.8
Bot_BT,Bot_MCTS,60.0,0.1,BestOf1,Stone,Stone,10,1,9,465,367,832,101.67005359799998,161.2,29,16,189,171,81,56,168,117,18,8,0,0,9,15,0.1,0.9
Bot_BT,Bot_MCTS,60.0,0.1,BestOf3,Boost,Boost,10,3,7,2098,1465,3563,331.214873525,479.4999999999999,107,49,756,441,289,222,972,768,68,15,13,19,0,0,0.3,0.7
Bot_BT,Bot_MCTS,60.0,0.1,BestOf3,Boost,Stone,10,1,9,1652,1586,3238,465.49811562400004,705.9999999999999,150,52,551,748,282,236,665,490,102,46,52,0,0,66,0.1,0.9
Bot_BT,Bot_MCTS,60.0,0.1,BestOf3,Stone,Boost,10,2,8,1319,899,2218,238.315913618,433.09999999999997,73,46,511,321,290,203,465,313,38,19,0,43,15,0,0.2,0.8
Bot_BT,Bot_MCTS,60.0,0.1,BestOf3,Stone,Stone,10,2,8,1836,1534,3370,486.358806205,679.0999999999999,95,62,776,731,268,189,654,529,85,20,0,0,53,65,0.2,0.8
Bot_BT,Bot_MCTS,60.0,0.2,BestOf1,Boost,Boost,10,2,8,999,447,1446,141.43400616899999,170.2,54,11,505,116,105,114,380,200,5,6,4,11,0,0,0.2,0.8
Bot_BT,Bot_MCTS,60.0,0.2,BestOf1,Boost,Stone,10,3,7,507,315,822,125.622784307,194.0,52,10,231,110,32,31,212,139,19,11,13,0,0,24,0.3,0.7
Bot_BT,Bot_MCTS,60.0,0.2,BestOf1,Stone,Boost,10,5,5,467,238,705,76.751255557,153.79999999999998,30,11,223,66,75,50,157,96,8,7,0,19,4,0,0.5,0.5
Bot_BT,Bot_MCTS,60.0,0.2,BestOf1,Stone,Stone,10,3,7,510,299,809,100.13754155,171.8,41,16,258,123,58,55,170,90,16,10,0,0,8,21,0.3,0.7
Bot_BT,Bot_MCTS,60.0,0.2,BestOf3,Boost,Boost,10,3,7,1735,853,2588,244.048053429,307.49999999999994,62,67,732,265,329,236,660,312,9,22,5,18,0,0,0.3,0.7
Bot_BT,Bot_MCTS,60.0,0.2,BestOf3,Boost,Stone,10,0,10,1103,641,1744,227.70274526900002,382.3,91,16,516,244,78,69,461,262,29,20,19,0,0,46,0.0,1.0
Bot_BT,Bot_MCTS,60.0,0.2,BestOf3,Stone,Boost,10,4,6,1816,881,2697,294.701802111,452.3999999999999,87,47,892,273,168,156,706,389,35,16,0,47,15,0,0.4,0.6
Bot_BT,Bot_MCTS,60.0,0.2,BestOf3,Stone,Stone,10,0,10,2637,1422,4059,404.19430432499996,491.2,119,53,1449,652,94,131,1025,589,51,20,0,0,18,30,0.0,1.0
Bot_BT,Bot_NN,45.0,0.1,BestOf1,Boost,Boost,10,1,9,531,519,1050,79.487188203,221.429296821,22,33,139,128,174,134,198,210,18,43,2,4,0,0,0.1,0.9
Bot_BT,Bot_NN,45.0,0.1,BestOf1,Boost,Stone,10,1,9,923,875,1798,183.31670040199998,393.498431464,67,19,314,244,249,258,307,308,40,57,13,0,0,8,0.1,0.9
Bot_BT,Bot_NN,45.0,0.1,BestOf1,Stone,Boost,10,3,7,711,516,1227,110.996576699,226.317959675,37,33,318,135,158,180,204,148,26,48,0,5,5,0,0.3,0.7
Bot_BT,Bot_NN,45.0,0.1,BestOf1,Stone,Stone,10,2,8,1750,1749,3499,281.773799957,680.7072472259999,94,40,939,530,229,434,494,694,73,77,0,0,15,14,0.2,0.8
Bot_BT,Bot_NN,45.0,0.1,BestOf3,Boost,Boost,10,0,10,1036,862,1898,176.484689782,432.298389715,80,28,351,230,235,219,416,335,25,62,9,16,0,0,0.0,1.0
Bot_BT,Bot_NN,45.0,0.1,BestOf3,Boost,Stone,10,5,5,1293,1300,2593,288.241076883,611.004625498,101,31,430,400,278,317,508,457,52,103,25,0,0,23,0.5,0.5
Bot_BT,Bot_NN,45.0,0.1,BestOf3,Stone,Boost,10,2,8,1170,995,2165,198.707505571,488.605615025,73,62,469,271,316,319,333,294,41,91,0,20,11,0,0.2,0.8
Bot_BT,Bot_NN,45.0,0.1,BestOf3,Stone,Stone,10,4,5,1495,1358,2853,314.256338288,708.715778932,89,55,649,484,337,337,429,410,53,95,0,0,27,32,0.4,0.5
Bot_BT,Bot_NN,45.0,0.2,BestOf1,Boost,Boost,10,2,8,326,179,505,38.84388151,80.829256911,34,7,170,44,14,41,142,78,0,14,0,2,0,0,0.2,0.8
Bot_BT,Bot_NN,45.0,0.2,BestOf1,Boost,Stone,10,2,8,452,304,756,84.159733501,160.18223280799998,43,10,219,76,50,58,171,135,6,26,6,0,0,9,0.2,0.8
Bot_BT,Bot_NN,45.0,0.2,BestOf1,Stone,Boost,10,3,7,390,242,632,47.602246926,118.60372996499999,24,11,188,52,32,42,169,126,1,16,0,6,0,0,0.3,0.7
Bot_BT,Bot_NN,45.0,0.2,BestOf1,Stone,Stone,10,4,6,359,234,593,62.678089714,114.951975626,28,9,182,58,42,61,126,88,5,20,0,0,4,7,0.4,0.6
Bot_BT,Bot_NN,45.0,0.2,BestOf3,Boost,Boost,10,0,10,647,359,1006,76.74895274400001,150.159960345,73,13,334,89,64,84,247,158,2,26,0,2,0,0,0.0,1.0
Bot_BT,Bot_NN,45.0,0.2,BestOf3,Boost,Stone,10,1,9,1294,892,2186,237.229245043,450.278963327,108,25,616,226,137,188,502,377,23,73,16,0,0,28,0.1,0.9
Bot_BT,Bot_NN,45.0,0.2,BestOf3,Stone,Boost,10,4,6,812,527,1339,102.95987932199999,248.27401010900002,51,17,404,116,67,89,337,275,3,35,0,12,1,0,0.4,0.6
Bot_BT,Bot_NN,45.0,0.2,BestOf3,Stone,Stone,10,1,9,1353,836,2189,211.927088907,384.92055363900005,86,29,694,231,120,160,510,372,19,57,0,0,10,16,0.1,0.9
Bot_BT,Bot_NN,60.0,0.1,BestOf1,Boost,Boost,10,0,10,997,742,1739,166.867434331,321.31713349300003,60,22,359,128,184,184,415,385,31,42,8,3,0,0,0.0,1.0
Bot_BT,Bot_NN,60.0,0.1,BestOf1,Boost,Stone,10,5,5,688,721,1409,156.433437949,356.765255345,67,18,240,235,111,183,290,234,33,56,14,0,0,13,0.5,0.5
Bot_BT,Bot_NN,60.0,0.1,BestOf1,Stone,Boost,10,3,7,399,353,752,64.38925836300001,193.73095893200002,28,16,141,113,114,84,129,119,12,27,0,10,3,0,0.3,0.7
Bot_BT,Bot_NN,60.0,0.1,BestOf1,Stone,Stone,10,3,6,689,665,1354,153.15720906399997,321.97028921500004,47,34,298,215,184,192,162,192,31,52,0,0,14,14,0.3,0.6
Bot_BT,Bot_NN,60.0,0.1,BestOf3,Boost,Boost,10,0,10,1625,1215,2840,247.405468831,554.930984923,103,31,589,254,226,226,741,674,61,55,8,6,0,0,0.0,1.0
Bot_BT,Bot_NN,60.0,0.1,BestOf3,Boost,Stone,10,2,8,1595,1650,3245,295.737042766,733.339258003,143,37,556,521,396,459,550,529,74,124,19,0,0,17,0.2,0.8
Bot_BT,Bot_NN,60.0,0.1,BestOf3,Stone,Boost,10,3,7,2190,1511,3701,331.63598673499996,660.2444584970001,111,89,956,339,480,466,652,567,89,124,0,15,13,0,0.3,0.7
Bot_BT,Bot_NN,60.0,0.1,BestOf3,Stone,Stone,10,1,9,3385,3078,6463,533.92547575,1268.039337061,190,79,1824,1021,421,708,984,1170,129,154,0,0,27,25,0.1,0.9
Bot_BT,Bot_NN,60.0,0.2,BestOf1,Boost,Boost,10,0,10,265,146,411,31.238704583000004,58.29001424,33,9,138,42,27,39,100,52,0,13,0,0,0,0,0.0,1.0
Bot_BT,Bot_NN,60.0,0.2,BestOf1,Boost,Stone,10,5,5,583,429,1012,120.574489325,216.203442921,49,9,272,116,61,77,227,183,13,40,10,0,0,13,0.5,0.5
Bot_BT,Bot_NN,60.0,0.2,BestOf1,Stone,Boost,10,3,7,407,259,666,54.445619374,129.183408142,31,12,199,52,54,55,150,125,3,20,0,7,1,0,0.3,0.7
Bot_BT,Bot_NN,60.0,0.2,BestOf1,Stone,Stone,10,2,8,526,376,902,102.72707118,192.224724041,44,18,265,113,50,61,183,154,20,37,0,0,8,11,0.2,0.8
Bot_BT,Bot_NN,60.0,0.2,BestOf3,Boost,Boost,10,8,1,2483,1439,3922,332.285630539,494.932455842,50,58,925,214,547,402,1003,731,6,69,2,23,0,0,0.8,0.1
Bot_BT,Bot_NN,60.0,0.2,BestOf3,Boost,Stone,10,0,10,808,452,1260,102.123967884,179.061670249,73,10,412,99,118,146,274,177,3,28,1,0,0,2,0.0,1.0
Bot_BT,Bot_NN,60.0,0.2,BestOf3,Stone,Boost,10,0,10,763,430,1193,91.478467647,189.515908454,78,16,389,100,70,102,297,191,7,34,0,3,0,0,0.0,1.0
Bot_BT,Bot_NN,60.0,0.2,BestOf3,Stone,Stone,10,0,10,516,280,796,60.869299457000004,114.67743163399999,66,8,268,82,40,61,207,114,1,23,0,0,0,0,0.0,1.0
Bot_BT,Bot_Primitive,45.0,0.1,BestOf1,Boost,Boost,10,4,5,2585,4586,7171,380.96647348799996,831.505922818,7,11,287,2340,123,101,2163,2128,10,11,2,6,0,0,0.4,0.5
Bot_BT,Bot_Primitive,45.0,0.1,BestOf1,Boost,Stone,10,1,8,2339,3044,5383,309.85349049300004,765.907113213,34,25,803,1572,200,145,1321,1292,14,34,1,0,0,1,0.1,0.8
Bot_BT,Bot_Primitive,45.0,0.1,BestOf1,Stone,Boost,10,10,0,1845,2311,4156,254.08962078400003,645.14174116,39,32,643,1195,223,138,949,937,27,37,0,4,3,0,1.0,0.0
Bot_BT,Bot_Primitive,45.0,0.1,BestOf1,Stone,Stone,10,4,6,2133,2756,4889,278.321428214,724.705504779,31,19,727,1421,506,437,883,871,17,27,0,0,0,0,0.4,0.6
Bot_BT,Bot_Primitive,45.0,0.1,BestOf3,Boost,Boost,10,2,8,1603,1944,3547,249.236008215,553.239049684,60,52,543,1099,370,282,647,479,34,52,9,32,0,0,0.2,0.8
Bot_BT,Bot_Primitive,45.0,0.1,BestOf3,Boost,Stone,10,2,8,1810,2441,4251,389.227644709,643.9595122960001,116,45,602,1507,517,363,569,425,90,112,32,0,0,34,0.2,0.8
Bot_BT,Bot_Primitive,45.0,0.1,BestOf3,Stone,Boost,10,8,2,2337,2665,5002,349.79099823999996,675.6976439480001,65,80,866,1453,570,418,835,696,55,71,0,27,11,0,0.8,0.2
Bot_BT,Bot_Primitive,45.0,0.1,BestOf3,Stone,Stone,10,4,6,3718,4315,8033,614.295349599,973.679209179,75,89,1679,2620,620,486,1301,1079,87,98,0,0,31,32,0.4,0.6
Bot_BT,Bot_Primitive,45.0,0.2,BestOf1,Boost,Boost,10,6,4,3950,3902,7852,491.407706384,537.434222988,10,8,1987,1983,71,41,1887,1871,5,6,0,1,0,0,0.6,0.4
Bot_BT,Bot_Primitive,45.0,0.2,BestOf1,Boost,Stone,10,2,7,2890,2884,5774,378.53567226399997,430.971036507,38,21,1452,1511,170,87,1240,1251,24,31,4,0,0,4,0.2,0.7
Bot_BT,Bot_Primitive,45.0,0.2,BestOf1,Stone,Boost,10,7,3,3257,3143,6400,414.008183531,454.67306064300004,19,22,1643,1604,127,72,1465,1444,20,20,0,3,2,0,0.7,0.3
Bot_BT,Bot_Primitive,45.0,0.2,BestOf1,Stone,Stone,10,2,6,4049,3975,8024,518.0569313709999,563.2812846,17,18,2051,2045,143,66,1830,1842,22,19,0,0,3,3,0.2,0.6
Bot_BT,Bot_Primitive,45.0,0.2,BestOf3,Boost,Boost,10,7,3,8603,8446,17049,1099.918577249,1225.867277565,47,43,4317,4314,331,177,3909,3906,40,42,6,7,0,0,0.7,0.3
Bot_BT,Bot_Primitive,45.0,0.2,BestOf3,Boost,Stone,10,3,7,1634,1435,3069,336.29305333700006,474.30631429000005,89,23,785,821,203,95,578,415,40,63,28,0,0,41,0.3,0.7
Bot_BT,Bot_Primitive,45.0,0.2,BestOf3,Stone,Boost,10,4,6,1314,1168,2482,162.18056878599998,301.029681663,23,9,635,630,168,109,506,400,5,10,0,19,0,0,0.4,0.6
Bot_BT,Bot_Primitive,45.0,0.2,BestOf3,Stone,Stone,10,2,8,1389,1134,2523,284.826205759,382.867933178,60,52,694,657,219,149,407,234,45,60,0,0,24,34,0.2,0.8
Bot_BT,Bot_Primitive,60.0,0.1,BestOf1,Boost,Boost,10,4,6,5199,6830,12029,687.866612959,1475.160630744,32,22,1760,3454,155,149,3276,3199,8,28,0,0,0,0,0.4,0.6
Bot_BT,Bot_Primitive,60.0,0.1,BestOf1,Boost,Stone,10,6,4,751,976,1727,178.104316301,285.457828838,56,22,244,612,232,127,215,165,43,54,17,0,0,18,0.6,0.4
Bot_BT,Bot_Primitive,60.0,0.1,BestOf1,Stone,Boost,10,6,4,535,618,1153,82.256043005,180.79336806600003,16,18,191,357,200,131,127,103,14,16,0,11,3,0,0.6,0.4
Bot_BT,Bot_Primitive,60.0,0.1,BestOf1,Stone,Stone,10,6,3,743,834,1577,165.317340963,237.40947309700002,28,33,311,528,173,103,209,147,35,38,0,0,15,18,0.6,0.3
Bot_BT,Bot_Primitive,60.0,0.1,BestOf3,Boost,Boost,10,4,6,9230,12045,21275,1244.457431682,2825.7315074780004,88,69,3128,6138,518,404,5540,5415,38,79,6,9,0,0,0.4,0.6
Bot_BT,Bot_Primitive,60.0,0.1,BestOf3,Boost,Stone,10,2,8,1967,2522,4489,475.87009861,706.91512084,137,56,648,1557,467,264,704,536,102,119,46,0,0,46,0.2,0.8
Bot_BT,Bot_Primitive,60.0,0.1,BestOf3,Stone,Boost,10,4,6,1930,2222,4152,293.258930483,634.5845322600001,62,74,690,1231,593,400,590,484,47,77,0,30,10,0,0.4,0.6
Bot_BT,Bot_Primitive,60.0,0.1,BestOf3,Stone,Stone,10,2,8,3125,3545,6670,590.7941220800001,910.792399249,101,108,1485,2269,523,339,965,765,109,124,0,0,43,48,0.2,0.8
Bot_BT,Bot_Primitive,60.0,0.2,BestOf1,Boost,Boost,10,8,1,4769,4720,9489,604.139870221,655.262210848,17,11,2393,2388,84,43,2277,2274,13,13,2,2,0,0,0.8,0.1
Bot_BT,Bot_Primitive,60.0,0.2,BestOf1,Boost,Stone,10,2,8,718,620,1338,141.001145938,214.27720282,46,13,347,366,91,41,248,164,21,30,11,0,0,19,0.2,0.8
Bot_BT,Bot_Primitive,60.0,0.2,BestOf1,Stone,Boost,10,2,8,663,568,1231,90.885079654,150.241481114,16,15,322,310,69,44,262,190,8,14,0,10,2,0,0.2,0.8
Bot_BT,Bot_Primitive,60.0,0.2,BestOf1,Stone,Stone,10,5,5,747,624,1371,148.444444481,217.65484775400003,36,21,376,364,89,43,247,161,23,35,0,0,12,21,0.5,0.5
Bot_BT,Bot_Primitive,60.0,0.2,BestOf3,Boost,Boost,10,2,8,4976,4799,9775,669.0602688609999,736.2638799020001,29,35,1480,1481,456,449,3037,2858,3,5,0,6,0,0,0.2,0.8
Bot_BT,Bot_Primitive,60.0,0.2,BestOf3,Boost,Stone,10,3,7,6973,6849,13822,970.616811362,1089.4993646140001,91,17,3411,3540,202,99,3301,3128,38,60,21,0,0,22,0.3,0.7
Bot_BT,Bot_Primitive,60.0,0.2,BestOf3,Stone,Boost,10,8,1,12282,12080,24362,1543.961545784,1648.723966545,36,35,6169,6107,220,113,5856,5823,34,33,0,4,3,0,0.8,0.1
Bot_BT,Bot_Primitive,60.0,0.2,BestOf3,Stone,Stone,10,5,3,12943,12782,25725,1635.815159226,1744.823892143,47,31,6523,6502,503,383,5875,5859,37,33,0,0,5,5,0.5,0.3
Bot_MCTS,Bot_BT,45.0,0.1,BestOf1,Boost,Boost,10,7,3,499,541,1040,170.4,102.956667382,15,40,126,100,102,99,254,310,10,26,7,6,0,0,0.7,0.3
Bot_MCTS,Bot_BT,45.0,0.1,BestOf1,Boost,Stone,10,8,2,362,508,870,169.5,102.87255325300002,37,18,143,195,61,124,133,159,8,22,17,0,0,8,0.8,0.2
Bot_MCTS,Bot_BT,45.0,0.1,BestOf1,Stone,Boost,10,9,1,400,456,856,184.60000000000002,112.351171201,23,21,178,151,68,77,118,196,18,21,0,11,18,0,0.9,0.1
Bot_MCTS,Bot_BT,45.0,0.1,BestOf1,Stone,Stone,10,9,1,1920,2224,4144,582.1,371.803356927,77,47,1205,1187,167,346,501,598,24,71,0,0,23,22,0.9,0.1
Bot_MCTS,Bot_BT,45.0,0.1,BestOf3,Boost,Boost,10,7,3,816,1125,1941,372.79999999999995,208.54637847,68,32,282,366,159,284,315,430,25,32,35,13,0,0,0.7,0.3
Bot_MCTS,Bot_BT,45.0,0.1,BestOf3,Boost,Stone,10,5,5,962,1302,2264,425.3999999999999,235.928519797,72,35,371,495,196,360,329,383,28,49,38,0,0,15,0.5,0.5
Bot_MCTS,Bot_BT,45.0,0.1,BestOf3,Stone,Boost,10,7,3,1062,1129,2191,470.99999999999994,288.762401693,56,74,571,404,155,312,254,322,38,61,0,30,44,0,0.7,0.3
Bot_MCTS,Bot_BT,45.0,0.1,BestOf3,Stone,Stone,10,8,2,1646,2108,3754,664.5999999999999,486.862139574,122,64,910,956,240,457,388,547,50,101,0,0,58,47,0.8,0.2
Bot_MCTS,Bot_BT,45.0,0.2,BestOf1,Boost,Boost,10,9,1,420,881,1301,153.4,127.408822573,33,40,129,444,149,247,120,179,12,7,10,4,0,0,0.9,0.1
Bot_MCTS,Bot_BT,45.0,0.2,BestOf1,Boost,Stone,10,6,4,234,471,705,131.8,72.319922517,23,15,68,227,28,34,114,203,9,4,15,0,0,3,0.6,0.4
Bot_MCTS,Bot_BT,45.0,0.2,BestOf1,Stone,Boost,10,6,4,347,552,899,188.4,111.07363960699999,22,38,140,263,62,97,104,169,19,14,0,9,22,0,0.6,0.4
Bot_MCTS,Bot_BT,45.0,0.2,BestOf1,Stone,Stone,10,7,3,233,449,682,131.8,83.467755512,20,21,103,222,26,59,77,150,12,12,0,0,15,6,0.7,0.3
Bot_MCTS,Bot_BT,45.0,0.2,BestOf3,Boost,Boost,10,7,3,1092,2247,3339,393.3999999999999,334.49945847000004,86,109,334,1118,377,665,325,418,31,34,25,12,0,0,0.7,0.3
Bot_MCTS,Bot_BT,45.0,0.2,BestOf3,Boost,Stone,10,7,3,703,1449,2152,322.0999999999999,196.384441996,66,56,250,711,122,202,279,518,23,14,29,0,0,4,0.7,0.3
Bot_MCTS,Bot_BT,45.0,0.2,BestOf3,Stone,Boost,10,10,0,801,1364,2165,304.79999999999995,235.147970143,41,89,327,654,202,273,229,397,20,26,0,14,23,0,1.0,0.0
Bot_MCTS,Bot_BT,45.0,0.2,BestOf3,Stone,Stone,10,8,1,1543,2716,4259,539.8,457.39426403000004,117,110,796,1485,256,408,408,720,48,76,0,0,35,27,0.8,0.1
Bot_MCTS,Bot_BT,60.0,0.1,BestOf1,Boost,Boost,10,8,2,903,1273,2176,273.0,202.62515097099998,56,37,273,442,226,380,379,408,15,35,10,8,0,0,0.8,0.2
Bot_MCTS,Bot_BT,60.0,0.1,BestOf1,Boost,Stone,10,4,6,360,493,853,163.8,86.25739779999999,26,13,140,185,83,129,115,159,7,15,15,0,0,5,0.4,0.6
Bot_MCTS,Bot_BT,60.0,0.1,BestOf1,Stone,Boost,10,8,2,607,605,1212,270.4,165.191905929,33,44,314,194,85,153,163,205,19,35,0,18,26,0,0.8,0.2
Bot_MCTS,Bot_BT,60.0,0.1,BestOf1,Stone,Stone,10,5,4,561,644,1205,242.19999999999996,157.404541278,37,29,301,271,96,157,131,173,11,27,0,0,22,16,0.5,0.4
Bot_MCTS,Bot_BT,60.0,0.1,BestOf3,Boost,Boost,10,9,1,1627,2228,3855,505.3,343.901763351,99,60,489,781,416,662,678,710,25,63,19,12,0,0,0.9,0.1
Bot_MCTS,Bot_BT,60.0,0.1,BestOf3,Boost,Stone,10,5,5,1063,1464,2527,496.09999999999997,294.56341087600003,81,42,391,570,255,422,345,395,24,54,48,0,0,23,0.5,0.5
Bot_MCTS,Bot_BT,60.0,0.1,BestOf3,Stone,Boost,10,8,2,1263,1327,2590,555.8,350.11760827,72,81,614,443,219,327,345,446,32,74,0,37,53,0,0.8,0.2
Bot_MCTS,Bot_BT,60.0,0.1,BestOf3,Stone,Stone,10,6,3,1766,2118,3884,764.5999999999999,553.073369707,124,93,895,930,268,481,483,544,44,103,0,0,76,60,0.6,0.3
Bot_MCTS,Bot_BT,60.0,0.2,BestOf1,Boost,Boost,10,6,4,360,767,1127,133.70000000000002,128.054130646,28,39,110,383,148,259,83,108,10,10,9,7,0,0,0.6,0.4
Bot_MCTS,Bot_BT,60.0,0.2,BestOf1,Boost,Stone,10,5,5,260,499,759,169.9,70.930242334,33,25,75,237,52,90,102,166,9,4,22,0,0,2,0.5,0.5
Bot_MCTS,Bot_BT,60.0,0.2,BestOf1,Stone,Boost,10,9,1,238,444,682,132.0,83.044685699,22,20,91,215,40,65,81,150,11,8,0,6,15,0,0.9,0.1
Bot_MCTS,Bot_BT,60.0,0.2,BestOf1,Stone,Stone,10,6,4,256,455,711,146.0,73.64216695,18,30,100,234,44,53,84,157,11,7,0,0,17,4,0.6,0.4
Bot_MCTS,Bot_BT,60.0,0.2,BestOf3,Boost,Boost,10,7,3,941,1975,2916,369.99999999999994,251.145668311,12,132,246,912,148,122,508,936,14,4,25,1,0,0,0.7,0.3
Bot_MCTS,Bot_BT,60.0,0.2,BestOf3,Boost,Stone,10,3,7,818,1629,2447,486.09999999999997,281.85825858,81,68,284,794,162,255,297,532,16,31,59,0,0,17,0.3,0.7
Bot_MCTS,Bot_BT,60.0,0.2,BestOf3,Stone,Boost,10,9,1,857,1461,2318,374.59999999999997,286.842512221,62,98,389,681,163,261,246,456,25,41,0,22,34,0,0.9,0.1
Bot_MCTS,Bot_BT,60.0,0.2,BestOf3,Stone,Stone,10,7,3,2001,3444,5445,696.9999999999999,572.554775751,128,139,1005,1936,492,769,409,613,49,93,0,0,46,33,0.7,0.3
Bot_MCTS,Bot_NN,45.0,0.1,BestOf1,Boost,Boost,10,1,9,436,528,964,142.4,233.768678975,22,35,156,134,114,124,152,216,8,50,6,4,0,0,0.1,0.9
Bot_MCTS,Bot_NN,45.0,0.1,BestOf1,Boost,Stone,10,3,7,390,533,923,148.3,264.466078819,55,24,152,175,103,160,116,142,8,50,11,0,0,6,0.3,0.7
Bot_MCTS,Bot_NN,45.0,0.1,BestOf1,Stone,Boost,10,7,3,672,603,1275,226.5,284.857305512,40,59,372,152,145,235,124,128,16,76,0,12,15,0,0.7,0.3
Bot_MCTS,Bot_NN,45.0,0.1,BestOf1,Stone,Stone,10,4,6,1660,1946,3606,464.00000000000006,780.27554922,91,65,1103,704,285,563,236,552,16,109,0,0,20,18,0.4,0.6
Bot_MCTS,Bot_NN,45.0,0.1,BestOf3,Boost,Boost,10,3,7,966,1126,2092,469.19999999999993,642.070161137,122,60,343,279,236,297,325,406,14,107,48,37,0,0,0.3,0.7
Bot_MCTS,Bot_NN,45.0,0.1,BestOf3,Boost,Stone,10,5,5,818,1158,1976,415.09999999999997,650.179263504,107,49,295,418,223,345,243,266,13,101,44,0,0,28,0.5,0.5
Bot_MCTS,Bot_NN,45.0,0.1,BestOf3,Stone,Boost,10,4,6,1326,1196,2522,563.5999999999999,689.384163285,85,126,697,318,262,387,281,298,34,150,0,43,52,0,0.4,0.6
Bot_MCTS,Bot_NN,45.0,0.1,BestOf3,Stone,Stone,10,4,5,1646,1856,3502,735.8999999999999,1072.55495097,138,93,938,727,299,456,304,449,34,166,0,0,71,58,0.4,0.5
Bot_MCTS,Bot_NN,45.0,0.2,BestOf1,Boost,Boost,10,6,4,403,451,854,148.70000000000002,225.063378134,68,26,138,98,77,161,168,133,10,53,10,6,0,0,0.6,0.4
Bot_MCTS,Bot_NN,45.0,0.2,BestOf1,Boost,Stone,10,1,9,163,266,429,109.20000000000002,154.392685734,34,16,62,114,40,65,42,47,5,33,14,0,0,7,0.1,0.9
Bot_MCTS,Bot_NN,45.0,0.2,BestOf1,Stone,Boost,10,3,7,326,367,693,196.20000000000002,234.964213482,39,49,138,115,69,105,81,72,14,59,0,16,24,0,0.3,0.7
Bot_MCTS,Bot_NN,45.0,0.2,BestOf1,Stone,Stone,10,1,7,336,389,725,194.50000000000003,246.87760787300002,40,33,154,162,71,83,74,75,13,54,0,0,24,15,0.1,0.7
Bot_MCTS,Bot_NN,45.0,0.2,BestOf3,Boost,Boost,10,3,7,834,1012,1846,308.1,523.5354329720001,134,55,288,238,189,332,318,305,19,119,20,18,0,0,0.3,0.7
Bot_MCTS,Bot_NN,45.0,0.2,BestOf3,Boost,Stone,10,0,10,644,969,1613,351.09999999999997,541.699775888,141,52,229,372,175,222,185,214,15,132,40,0,0,29,0.0,1.0
Bot_MCTS,Bot_NN,45.0,0.2,BestOf3,Stone,Boost,10,6,4,1063,1141,2204,458.29999999999995,616.868332931,117,142,524,323,186,290,273,298,39,197,0,33,41,0,0.6,0.4
Bot_MCTS,Bot_NN,45.0,0.2,BestOf3,Stone,Stone,10,5,4,1569,1832,3401,592.4,982.2867423600001,184,110,847,781,272,414,353,380,51,218,0,0,46,39,0.5,0.4
Bot_MCTS,Bot_NN,60.0,0.1,BestOf1,Boost,Boost,10,7,3,757,796,1553,246.79999999999998,344.944125993,70,34,292,141,196,286,254,305,3,60,12,4,0,0,0.7,0.3
Bot_MCTS,Bot_NN,60.0,0.1,BestOf1,Boost,Stone,10,1,9,347,471,818,148.39999999999998,253.852516076,44,20,136,166,61,125,131,125,5,45,14,0,0,10,0.1,0.9
Bot_MCTS,Bot_NN,60.0,0.1,BestOf1,Stone,Boost,10,5,5,665,617,1282,303.69999999999993,369.76100167500005,37,73,334,154,187,219,88,130,26,87,0,27,30,0,0.5,0.5
Bot_MCTS,Bot_NN,60.0,0.1,BestOf1,Stone,Stone,10,3,6,799,863,1662,348.99999999999994,473.045622012,53,47,467,322,153,221,126,215,19,80,0,0,34,25,0.3,0.6
Bot_MCTS,Bot_NN,60.0,0.1,BestOf3,Boost,Boost,10,2,8,1891,2008,3899,595.5999999999999,892.528324665,173,89,695,348,550,748,607,756,12,141,27,15,0,0,0.2,0.8
Bot_MCTS,Bot_NN,60.0,0.1,BestOf3,Boost,Stone,10,1,9,1812,2198,4010,586.8999999999999,979.080804934,189,73,694,585,462,644,589,795,37,161,30,0,0,13,0.1,0.9
Bot_MCTS,Bot_NN,60.0,0.1,BestOf3,Stone,Boost,10,10,0,2660,2063,4723,784.5,928.688943091,119,171,1556,399,603,860,414,575,55,200,0,29,32,0,1.0,0.0
Bot_MCTS,Bot_NN,60.0,0.1,BestOf3,Stone,Stone,10,3,7,5423,6410,11833,1594.8,2566.2434122590003,304,190,3737,2361,712,1760,813,1877,96,351,0,0,65,61,0.3,0.7
Bot_MCTS,Bot_NN,60.0,0.2,BestOf1,Boost,Boost,10,3,7,403,499,902,157.70000000000002,237.765978401,60,21,146,119,88,161,147,152,11,60,11,7,0,0,0.3,0.7
Bot_MCTS,Bot_NN,60.0,0.2,BestOf1,Boost,Stone,10,3,7,313,435,748,188.8,265.779229987,66,18,108,164,66,97,106,96,9,60,24,0,0,18,0.3,0.7
Bot_MCTS,Bot_NN,60.0,0.2,BestOf1,Stone,Boost,10,2,8,270,328,598,137.5,186.517787042,37,35,124,116,47,65,80,84,5,53,0,10,14,0,0.2,0.8
Bot_MCTS,Bot_NN,60.0,0.2,BestOf1,Stone,Stone,10,3,7,530,672,1202,263.4,403.819327382,75,54,275,290,73,134,134,134,19,91,0,0,29,23,0.3,0.7
Bot_MCTS,Bot_NN,60.0,0.2,BestOf3,Boost,Boost,10,2,8,707,992,1699,274.4,483.97693729,66,104,204,273,194,227,268,348,23,130,18,14,0,0,0.2,0.8
Bot_MCTS,Bot_NN,60.0,0.2,BestOf3,Boost,Stone,10,1,9,511,766,1277,331.6,465.007848848,104,41,179,280,149,181,126,178,15,100,42,0,0,27,0.1,0.9
Bot_MCTS,Bot_NN,60.0,0.2,BestOf3,Stone,Boost,10,9,1,698,780,1478,428.79999999999995,490.24915180100004,89,95,312,234,135,165,175,203,22,142,0,36,54,0,0.9,0.1
Bot_MCTS,Bot_NN,60.0,0.2,BestOf3,Stone,Stone,10,3,7,2439,2714,5153,863.6999999999999,1448.826710404,244,148,1518,1241,329,622,474,510,60,289,0,0,58,52,0.3,0.7
Bot_MCTS,Bot_Primitive,45.0,0.1,BestOf1,Boost,Boost,10,5,5,461,828,1289,155.1,206.708752486,8,38,126,437,125,104,200,247,4,36,6,4,0,0,0.5,0.5
Bot_MCTS,Bot_Primitive,45.0,0.1,BestOf1,Boost,Stone,10,4,6,368,658,1026,173.4,223.20165247100002,39,17,152,412,85,122,105,73,9,34,17,0,0,17,0.4,0.6
Bot_MCTS,Bot_Primitive,45.0,0.1,BestOf1,Stone,Boost,10,7,3,456,545,1001,210.00000000000003,213.17450029700004,21,45,196,296,133,122,91,68,15,40,0,19,21,0,0.7,0.3
Bot_MCTS,Bot_Primitive,45.0,0.1,BestOf1,Stone,Stone,10,7,3,939,1392,2331,277.2,321.670668863,49,39,523,905,205,309,186,126,16,44,0,0,9,8,0.7,0.3
Bot_MCTS,Bot_Primitive,45.0,0.1,BestOf3,Boost,Boost,10,6,4,898,1443,2341,410.7999999999999,488.65880955500006,81,68,285,777,298,330,255,245,23,61,37,30,0,0,0.6,0.4
Bot_MCTS,Bot_Primitive,45.0,0.1,BestOf3,Boost,Stone,10,3,7,1020,1733,2753,417.4,488.21832538800004,102,50,418,1082,302,322,252,222,13,80,35,0,0,27,0.3,0.7
Bot_MCTS,Bot_Primitive,45.0,0.1,BestOf3,Stone,Boost,10,8,2,1413,1809,3222,498.0,563.233310994,72,123,610,972,484,490,252,201,35,115,0,31,32,0,0.8,0.2
Bot_MCTS,Bot_Primitive,45.0,0.1,BestOf3,Stone,Stone,10,8,2,2106,2943,5049,715.5999999999999,751.819074237,122,90,1183,1958,450,518,395,329,39,105,0,0,39,33,0.8,0.2
Bot_MCTS,Bot_Primitive,45.0,0.2,BestOf1,Boost,Boost,10,6,4,316,523,839,113.4,135.950909013,33,29,100,287,88,130,112,76,10,28,6,2,0,0,0.6,0.4
Bot_MCTS,Bot_Primitive,45.0,0.2,BestOf1,Boost,Stone,10,3,7,246,387,633,157.0,162.99502452500002,44,17,90,221,64,67,66,51,6,31,20,0,0,17,0.3,0.7
Bot_MCTS,Bot_Primitive,45.0,0.2,BestOf1,Stone,Boost,10,5,5,338,382,720,195.10000000000002,187.467829051,25,52,127,195,79,58,99,71,10,36,0,22,23,0,0.5,0.5
Bot_MCTS,Bot_Primitive,45.0,0.2,BestOf1,Stone,Stone,10,7,3,309,443,752,169.70000000000002,179.271830307,40,21,123,273,85,62,69,58,13,31,0,0,19,19,0.7,0.3
Bot_MCTS,Bot_Primitive,45.0,0.2,BestOf3,Boost,Boost,10,5,5,727,1193,1920,244.2,333.9381660760001,71,64,209,664,225,286,256,171,25,61,12,11,0,0,0.5,0.5
Bot_MCTS,Bot_Primitive,45.0,0.2,BestOf3,Boost,Stone,10,4,5,699,1045,1744,450.9,462.307676251,111,52,257,585,186,169,186,150,12,90,58,0,0,51,0.4,0.5
Bot_MCTS,Bot_Primitive,45.0,0.2,BestOf3,Stone,Boost,10,9,1,698,853,1551,388.2,394.787337793,58,96,263,434,207,208,164,94,19,74,0,43,45,0,0.9,0.1
Bot_MCTS,Bot_Primitive,45.0,0.2,BestOf3,Stone,Stone,10,4,2,922,1288,2210,552.6999999999999,544.857866996,108,67,379,781,210,207,232,160,35,82,0,0,66,58,0.4,0.2
Bot_MCTS,Bot_Primitive,60.0,0.1,BestOf1,Boost,Boost,10,5,5,619,1048,1667,201.90000000000003,270.80834667400006,44,35,197,564,229,302,169,141,16,37,8,4,0,0,0.5,0.5
Bot_MCTS,Bot_Primitive,60.0,0.1,BestOf1,Boost,Stone,10,0,10,388,659,1047,195.20000000000002,220.981115902,53,19,153,426,123,106,80,62,11,45,21,0,0,20,0.0,1.0
Bot_MCTS,Bot_Primitive,60.0,0.1,BestOf1,Stone,Boost,10,6,4,592,698,1290,256.59999999999997,283.391564748,31,57,261,362,172,174,109,81,25,56,0,25,25,0,0.6,0.4
Bot_MCTS,Bot_Primitive,60.0,0.1,BestOf1,Stone,Stone,10,4,4,660,910,1570,306.3,308.98566868300003,45,37,343,583,140,128,128,125,20,48,0,0,29,26,0.4,0.4
Bot_MCTS,Bot_Primitive,60.0,0.1,BestOf3,Boost,Boost,10,8,2,1848,3205,5053,603.8,857.6337359000001,117,107,533,1719,634,839,621,520,35,110,25,17,0,0,0.8,0.2
Bot_MCTS,Bot_Primitive,60.0,0.1,BestOf3,Boost,Stone,10,2,8,894,1456,2350,420.2,447.085661441,99,39,362,906,268,264,202,174,21,81,41,0,0,31,0.2,0.8
Bot_MCTS,Bot_Primitive,60.0,0.1,BestOf3,Stone,Boost,10,9,1,1534,1831,3365,611.4,646.667218629,79,147,686,969,490,458,270,225,39,130,0,49,49,0,0.9,0.1
Bot_MCTS,Bot_Primitive,60.0,0.1,BestOf3,Stone,Stone,10,9,1,2840,3665,6505,1053.3,1004.0798302420001,163,111,1727,2534,463,485,531,417,50,162,0,0,69,67,0.9,0.1
Bot_MCTS,Bot_Primitive,60.0,0.2,BestOf1,Boost,Boost,10,4,6,324,526,850,112.4,146.87401220200002,31,27,94,294,95,108,117,99,12,21,6,4,0,0,0.4,0.6
Bot_MCTS,Bot_Primitive,60.0,0.2,BestOf1,Boost,Stone,10,3,7,327,507,834,198.5,207.614854458,49,25,118,280,84,99,89,70,11,37,25,0,0,21,0.3,0.7
Bot_MCTS,Bot_Primitive,60.0,0.2,BestOf1,Stone,Boost,10,3,7,260,326,586,135.7,146.821073906,24,36,102,175,65,61,66,48,12,26,0,16,15,0,0.3,0.7
Bot_MCTS,Bot_Primitive,60.0,0.2,BestOf1,Stone,Stone,10,3,7,400,497,897,255.9,215.34796268899998,47,35,174,293,94,70,77,53,22,55,0,0,33,26,0.3,0.7
Bot_MCTS,Bot_Primitive,60.0,0.2,BestOf3,Boost,Boost,10,10,0,822,1423,2245,325.4,411.97763686300004,25,124,199,651,199,121,392,539,11,95,21,17,0,0,1.0,0.0
Bot_MCTS,Bot_Primitive,60.0,0.2,BestOf3,Boost,Stone,10,0,10,834,1413,2247,327.6,395.7845821160001,122,73,292,804,262,282,234,216,22,91,24,0,0,20,0.0,1.0
Bot_MCTS,Bot_Primitive,60.0,0.2,BestOf3,Stone,Boost,10,9,1,922,1345,2267,302.0,364.875139795,79,96,325,735,255,331,290,197,38,70,0,12,14,0,0.9,0.1
Bot_MCTS,Bot_Primitive,60.0,0.2,BestOf3,Stone,Stone,10,4,6,1613,2394,4007,526.4,619.72487758,138,109,836,1548,370,463,334,227,44,126,0,0,29,30,0.4,0.6
Bot_NN,Bot_BT,45.0,0.1,BestOf1,Boost,Boost,10,6,4,519,565,1084,232.936610714,99.829580727,13,44,102,134,131,115,254,287,29,24,3,5,0,0,0.6,0.4
Bot_NN,Bot_BT,45.0,0.1,BestOf1,Boost,Stone,10,7,3,404,504,908,201.28163535100003,92.035981468,31,18,109,207,63,105,177,167,44,19,11,0,0,6,0.7,0.3
Bot_NN,Bot_BT,45.0,0.1,BestOf1,Stone,Boost,10,8,1,480,471,951,231.918767389,104.056120721,26,28,145,159,129,128,162,158,36,17,0,9,8,0,0.8,0.1
Bot_NN,Bot_BT,45.0,0.1,BestOf1,Stone,Stone,10,9,1,1305,1356,2661,538.8229911220001,208.33976498299998,57,40,463,676,327,323,441,302,65,46,0,0,9,9,0.9,0.1
Bot_NN,Bot_BT,45.0,0.1,BestOf3,Boost,Boost,10,8,1,1001,1154,2155,512.317077911,196.471639916,61,43,289,387,257,348,352,385,78,24,25,10,0,0,0.8,0.1
Bot_NN,Bot_BT,45.0,0.1,BestOf3,Boost,Stone,10,7,3,1077,1373,2450,556.6068367429999,229.804952102,74,44,283,533,337,434,328,352,98,42,31,0,0,12,0.7,0.3
Bot_NN,Bot_BT,45.0,0.1,BestOf3,Stone,Boost,10,10,0,979,1003,1982,493.83166337200004,207.35959451099998,52,49,339,328,260,328,275,285,85,46,0,16,20,0,1.0,0.0
Bot_NN,Bot_BT,45.0,0.1,BestOf3,Stone,Stone,10,7,2,1748,1864,3612,910.3799814690001,392.766714654,95,65,702,853,445,486,429,420,131,71,0,0,41,34,0.7,0.2
Bot_NN,Bot_BT,45.0,0.2,BestOf1,Boost,Boost,10,4,4,1070,2195,3265,271.23423061200003,282.30194557,21,24,64,1100,650,726,329,364,18,3,9,2,0,0,0.4,0.4
Bot_NN,Bot_BT,45.0,0.2,BestOf1,Boost,Stone,10,4,6,201,319,520,99.191035382,38.821511584,12,9,53,155,41,41,85,122,16,1,6,0,0,0,0.4,0.6
Bot_NN,Bot_BT,45.0,0.2,BestOf1,Stone,Boost,10,4,6,213,322,535,94.985982454,38.712006755,14,18,63,158,51,52,74,111,21,1,0,0,4,0,0.4,0.6
Bot_NN,Bot_BT,45.0,0.2,BestOf1,Stone,Stone,10,7,3,392,627,1019,194.17604695400001,105.927939232,21,22,118,307,133,156,93,144,35,14,0,0,13,6,0.7,0.3
Bot_NN,Bot_BT,45.0,0.2,BestOf3,Boost,Boost,10,2,7,2024,4090,6114,611.568829755,521.120417826,54,69,182,2055,1157,1318,602,709,58,5,25,3,0,0,0.2,0.7
Bot_NN,Bot_BT,45.0,0.2,BestOf3,Boost,Stone,10,4,6,849,1552,2401,316.900051596,196.30970307799998,45,39,153,756,395,447,239,343,48,5,14,0,0,1,0.4,0.6
Bot_NN,Bot_BT,45.0,0.2,BestOf3,Stone,Boost,10,6,4,943,1450,2393,390.32503649000006,241.409094411,50,74,259,697,315,347,278,372,75,21,0,13,16,0,0.6,0.4
Bot_NN,Bot_BT,45.0,0.2,BestOf3,Stone,Stone,10,5,5,1065,1708,2773,397.724868884,246.851937288,62,59,292,876,332,328,359,475,71,21,0,0,11,8,0.5,0.5
Bot_NN,Bot_BT,60.0,0.1,BestOf1,Boost,Boost,10,9,1,751,922,1673,336.38141136,142.764431876,40,36,157,324,270,338,272,224,46,31,6,5,0,0,0.9,0.1
Bot_NN,Bot_BT,60.0,0.1,BestOf1,Boost,Stone,10,8,2,441,567,1008,223.112848859,108.77211472299999,37,10,131,236,124,151,134,154,41,18,11,0,0,8,0.8,0.2
Bot_NN,Bot_BT,60.0,0.1,BestOf1,Stone,Boost,10,7,3,780,746,1526,384.062571618,173.780904023,35,50,249,246,218,227,226,221,69,36,0,16,18,0,0.7,0.3
Bot_NN,Bot_BT,60.0,0.1,BestOf1,Stone,Stone,10,6,4,703,770,1473,361.74893705,167.43115576600002,44,20,292,349,138,173,202,197,55,36,0,0,16,15,0.6,0.4
Bot_NN,Bot_BT,60.0,0.1,BestOf3,Boost,Boost,10,9,1,1722,2120,3842,770.233010421,321.40434747499995,96,73,352,749,527,693,713,601,114,67,16,10,0,0,0.9,0.1
Bot_NN,Bot_BT,60.0,0.1,BestOf3,Boost,Stone,10,6,4,932,1177,2109,495.59616599700007,196.28987741,75,40,234,450,298,377,279,304,94,36,27,0,0,10,0.6,0.4
Bot_NN,Bot_BT,60.0,0.1,BestOf3,Stone,Boost,10,6,4,1562,1501,3063,797.8127241990001,343.020230165,72,95,553,497,382,475,456,425,135,73,0,31,36,0,0.6,0.4
Bot_NN,Bot_BT,60.0,0.1,BestOf3,Stone,Stone,10,8,2,2225,2363,4588,1125.449170254,515.746849805,123,84,809,1016,508,580,683,619,169,102,0,0,56,46,0.8,0.2
Bot_NN,Bot_BT,60.0,0.2,BestOf1,Boost,Boost,10,4,6,560,1122,1682,181.963826874,138.228431127,24,32,59,566,391,434,82,119,21,3,7,0,0,0,0.4,0.6
Bot_NN,Bot_BT,60.0,0.2,BestOf1,Boost,Stone,10,2,8,246,401,647,118.04780201999999,49.25,11,11,61,193,77,91,82,115,19,2,7,0,0,0,0.2,0.8
Bot_NN,Bot_BT,60.0,0.2,BestOf1,Stone,Boost,10,8,2,234,340,574,110.796181989,55.507246331,16,18,80,168,67,66,63,98,19,5,0,3,5,0,0.8,0.2
Bot_NN,Bot_BT,60.0,0.2,BestOf1,Stone,Stone,10,5,5,360,473,833,173.425100345,77.593113603,21,22,120,231,94,91,99,138,37,9,0,0,10,4,0.5,0.5
Bot_NN,Bot_BT,60.0,0.2,BestOf3,Boost,Boost,10,9,1,1290,1790,3080,392.74949328900004,243.851268592,19,91,163,500,155,120,909,1159,54,10,9,1,0,0,0.9,0.1
Bot_NN,Bot_BT,60.0,0.2,BestOf3,Boost,Stone,10,5,5,643,1048,1691,297.57365592,142.466053454,48,36,147,514,180,205,245,315,52,11,19,0,0,3,0.5,0.5
Bot_NN,Bot_BT,60.0,0.2,BestOf3,Stone,Boost,10,9,1,877,1275,2152,420.05657081900006,233.360279354,51,80,262,620,235,258,278,362,79,19,0,16,23,0,0.9,0.1
Bot_NN,Bot_BT,60.0,0.2,BestOf3,Stone,Stone,10,6,4,3459,6410,9869,1061.950167209,907.2187132009999,126,123,595,3373,2122,2314,568,628,136,70,0,0,38,25,0.6,0.4
Bot_NN,Bot_MCTS,45.0,0.1,BestOf1,Boost,Boost,10,6,4,703,641,1344,325.708117768,215.90000000000003,37,71,126,218,269,166,235,225,66,20,7,12,0,0,0.6,0.4
Bot_NN,Bot_MCTS,45.0,0.1,BestOf1,Boost,Stone,10,7,3,536,542,1078,272.717816734,202.29999999999998,60,14,147,270,120,102,187,149,69,7,13,0,0,14,0.7,0.3
Bot_NN,Bot_MCTS,45.0,0.1,BestOf1,Stone,Boost,10,9,1,501,353,854,253.675570833,141.4,30,25,177,146,118,92,144,98,53,6,0,11,9,0,0.9,0.1
Bot_NN,Bot_MCTS,45.0,0.1,BestOf1,Stone,Stone,10,8,2,1440,1174,2614,541.224176269,332.4,59,45,463,727,404,178,477,241,85,16,0,0,11,12,0.8,0.2
Bot_NN,Bot_MCTS,45.0,0.1,BestOf3,Boost,Boost,10,8,2,941,728,1669,555.414146067,377.09999999999997,80,39,248,236,236,213,314,232,109,8,34,39,0,0,0.8,0.2
Bot_NN,Bot_MCTS,45.0,0.1,BestOf3,Boost,Stone,10,8,2,989,1011,2000,581.100747794,438.4,129,18,297,500,210,187,305,263,137,21,40,0,0,40,0.8,0.2
Bot_NN,Bot_MCTS,45.0,0.1,BestOf3,Stone,Boost,10,6,4,1210,847,2057,652.166450893,409.9,69,63,448,309,292,213,322,267,117,16,0,42,31,0,0.6,0.4
Bot_NN,Bot_MCTS,45.0,0.1,BestOf3,Stone,Stone,10,6,2,1768,1537,3305,981.788621158,684.5999999999999,97,55,697,850,386,236,492,366,139,21,0,0,54,64,0.6,0.2
Bot_NN,Bot_MCTS,45.0,0.2,BestOf1,Boost,Boost,10,9,1,412,311,723,210.570900435,110.7,37,24,117,103,134,72,101,126,53,4,7,6,0,0,0.9,0.1
Bot_NN,Bot_MCTS,45.0,0.2,BestOf1,Boost,Stone,10,5,5,368,299,667,219.027937806,170.90000000000003,57,10,105,107,74,52,106,110,67,10,16,0,0,20,0.5,0.5
Bot_NN,Bot_MCTS,45.0,0.2,BestOf1,Stone,Boost,10,8,2,280,192,472,170.514610729,117.1,21,14,113,71,61,54,62,50,35,3,0,14,9,0,0.8,0.2
Bot_NN,Bot_MCTS,45.0,0.2,BestOf1,Stone,Stone,10,2,6,372,290,662,265.384411286,173.0,32,20,164,124,67,45,74,91,48,9,0,0,19,21,0.2,0.6
Bot_NN,Bot_MCTS,45.0,0.2,BestOf3,Boost,Boost,10,9,1,1003,793,1796,475.006772974,282.5,98,58,267,261,321,167,272,343,129,6,14,16,0,0,0.9,0.1
Bot_NN,Bot_MCTS,45.0,0.2,BestOf3,Boost,Stone,10,5,5,951,835,1786,591.24924514,435.3999999999999,146,38,290,369,227,186,226,199,163,34,45,0,0,47,0.5,0.5
Bot_NN,Bot_MCTS,45.0,0.2,BestOf3,Stone,Boost,10,8,2,1273,847,2120,719.520506076,408.19999999999993,95,98,492,315,282,246,304,227,162,17,0,42,33,0,0.8,0.2
Bot_NN,Bot_MCTS,45.0,0.2,BestOf3,Stone,Stone,10,3,6,1566,1323,2889,914.348841237,556.4,120,89,709,701,273,235,351,302,190,35,0,0,43,50,0.3,0.6
Bot_NN,Bot_MCTS,60.0,0.1,BestOf1,Boost,Boost,10,8,2,618,524,1142,270.075748028,169.20000000000002,44,22,143,180,207,162,211,172,52,4,5,6,0,0,0.8,0.2
Bot_NN,Bot_MCTS,60.0,0.1,BestOf1,Boost,Stone,10,6,4,461,489,950,236.86131401300003,202.5,58,11,123,227,134,114,131,114,60,17,13,0,0,17,0.6,0.4
Bot_NN,Bot_MCTS,60.0,0.1,BestOf1,Stone,Boost,10,8,2,550,358,908,287.473350128,163.40000000000003,25,21,203,135,139,117,144,84,49,6,0,16,15,0,0.8,0.2
Bot_NN,Bot_MCTS,60.0,0.1,BestOf1,Stone,Stone,10,3,7,605,535,1140,322.444318629,237.9,43,14,226,282,118,87,186,134,57,10,0,0,18,22,0.3,0.7
Bot_NN,Bot_MCTS,60.0,0.1,BestOf3,Boost,Boost,10,10,0,1300,1075,2375,563.648887074,337.0,102,47,294,365,360,255,515,434,118,9,13,12,0,0,1.0,0.0
Bot_NN,Bot_MCTS,60.0,0.1,BestOf3,Boost,Stone,10,7,3,1594,1649,3243,708.357442927,495.7,149,43,417,840,505,357,478,396,176,39,18,0,0,17,0.7,0.3
Bot_NN,Bot_MCTS,60.0,0.1,BestOf3,Stone,Boost,10,10,0,2232,1504,3736,961.204692019,476.59999999999997,106,108,759,574,572,397,713,489,170,22,0,22,18,0,1.0,0.0
Bot_NN,Bot_MCTS,60.0,0.1,BestOf3,Stone,Stone,10,10,0,2095,1743,3838,833.041691695,481.8,103,52,720,1012,587,295,644,405,130,16,0,0,14,15,1.0,0.0
Bot_NN,Bot_MCTS,60.0,0.2,BestOf1,Boost,Boost,10,9,1,419,319,738,211.999860948,115.39999999999999,43,33,113,98,150,75,96,135,53,4,7,7,0,0,0.9,0.1
Bot_NN,Bot_MCTS,60.0,0.2,BestOf1,Boost,Stone,10,3,7,406,362,768,268.403370355,204.8,67,11,117,150,69,66,123,108,74,13,23,0,0,25,0.3,0.7
Bot_NN,Bot_MCTS,60.0,0.2,BestOf1,Stone,Boost,10,7,3,353,217,570,215.171204473,133.10000000000002,27,23,146,76,70,48,74,71,51,6,0,16,12,0,0.7,0.3
Bot_NN,Bot_MCTS,60.0,0.2,BestOf1,Stone,Stone,10,6,4,575,454,1029,373.12284775800003,243.1,55,34,254,231,122,82,92,100,82,13,0,0,25,28,0.6,0.4
Bot_NN,Bot_MCTS,60.0,0.2,BestOf3,Boost,Boost,10,10,0,904,748,1652,468.19683869,277.6,57,123,256,243,281,157,234,306,118,25,15,17,0,0,1.0,0.0
Bot_NN,Bot_MCTS,60.0,0.2,BestOf3,Boost,Stone,10,6,4,943,806,1749,629.418428914,480.09999999999997,148,45,280,338,241,197,201,170,169,42,52,0,0,59,0.6,0.4
Bot_NN,Bot_MCTS,60.0,0.2,BestOf3,Stone,Boost,10,8,2,909,637,1546,583.163136056,427.29999999999995,68,71,343,206,205,186,204,173,120,16,0,56,37,0,0.8,0.2
Bot_NN,Bot_MCTS,60.0,0.2,BestOf3,Stone,Stone,10,8,2,1736,1476,3212,889.800044118,504.19999999999993,117,101,781,832,374,219,371,369,182,27,0,0,28,29,0.8,0.2
Bot_NN,Bot_Primitive,45.0,0.1,BestOf1,Boost,Boost,10,8,2,687,1217,1904,334.074880593,310.620423564,8,59,108,635,207,107,334,426,33,43,5,6,0,0,0.8,0.2
Bot_NN,Bot_Primitive,45.0,0.1,BestOf1,Boost,Stone,10,5,5,404,572,976,236.10639034800002,175.904506909,45,19,121,347,118,98,105,85,48,32,12,0,0,10,0.5,0.5
Bot_NN,Bot_Primitive,45.0,0.1,BestOf1,Stone,Boost,10,6,4,669,806,1475,334.20386512199997,274.044351231,33,51,204,437,210,214,184,96,60,41,0,18,11,0,0.6,0.4
Bot_NN,Bot_Primitive,45.0,0.1,BestOf1,Stone,Stone,10,8,2,1230,1507,2737,487.738108211,361.469413859,45,46,365,958,395,309,401,188,61,44,0,0,8,8,0.8,0.2
Bot_NN,Bot_Primitive,45.0,0.1,BestOf3,Boost,Boost,10,9,1,849,1211,2060,454.00316825000004,380.541148893,66,42,222,663,276,283,259,196,75,53,17,16,0,0,0.9,0.1
Bot_NN,Bot_Primitive,45.0,0.1,BestOf3,Boost,Stone,10,5,5,1415,2122,3537,723.207972853,593.4482047,158,51,363,1326,454,366,400,276,162,120,36,0,0,34,0.5,0.5
Bot_NN,Bot_Primitive,45.0,0.1,BestOf3,Stone,Boost,10,8,2,1889,2219,4108,904.419675355,670.114243854,96,141,574,1174,652,569,486,315,152,128,0,33,25,0,0.8,0.2
Bot_NN,Bot_Primitive,45.0,0.1,BestOf3,Stone,Stone,10,7,2,2472,3161,5633,1179.198782249,806.3458510380001,117,102,955,2058,668,521,672,445,146,106,0,0,31,31,0.7,0.2
Bot_NN,Bot_Primitive,45.0,0.2,BestOf1,Boost,Boost,10,8,2,377,506,883,171.498862735,141.367269291,35,33,90,269,137,136,111,70,36,28,3,3,0,0,0.8,0.2
Bot_NN,Bot_Primitive,45.0,0.2,BestOf1,Boost,Stone,10,5,5,338,399,737,190.982558614,146.27667005700002,51,18,106,232,84,67,82,53,54,35,12,0,0,12,0.5,0.5
Bot_NN,Bot_Primitive,45.0,0.2,BestOf1,Stone,Boost,10,9,1,362,369,731,185.174983029,158.713873886,27,36,100,187,117,97,85,40,50,30,0,15,10,0,0.9,0.1
Bot_NN,Bot_Primitive,45.0,0.2,BestOf1,Stone,Stone,10,5,5,477,523,1000,283.056338212,193.350402675,46,33,181,315,90,82,131,65,58,42,0,0,17,19,0.5,0.5
Bot_NN,Bot_Primitive,45.0,0.2,BestOf3,Boost,Boost,10,10,0,587,767,1354,268.45529406300005,205.44552846800002,58,47,160,421,189,234,179,64,57,45,2,3,0,0,1.0,0.0
Bot_NN,Bot_Primitive,45.0,0.2,BestOf3,Boost,Stone,10,4,6,834,1001,1835,490.086282275,377.27776711800004,120,39,234,567,243,209,191,115,133,76,33,0,0,34,0.4,0.6
Bot_NN,Bot_Primitive,45.0,0.2,BestOf3,Stone,Boost,10,8,2,834,905,1739,448.039827387,396.74753543500003,70,81,237,450,249,222,218,124,107,70,0,39,23,0,0.8,0.2
Bot_NN,Bot_Primitive,45.0,0.2,BestOf3,Stone,Stone,10,9,1,1031,1118,2149,610.285989702,442.36878067000004,99,61,384,666,247,197,222,113,141,97,0,0,37,45,0.9,0.1
Bot_NN,Bot_Primitive,60.0,0.1,BestOf1,Boost,Boost,10,9,1,646,1004,1650,285.270941217,268.798260786,34,30,142,541,241,229,219,204,40,27,4,3,0,0,0.9,0.1
Bot_NN,Bot_Primitive,60.0,0.1,BestOf1,Boost,Stone,10,4,6,513,773,1286,278.869300714,232.32000297300002,49,24,130,470,205,156,104,95,59,38,15,0,0,14,0.4,0.6
Bot_NN,Bot_Primitive,60.0,0.1,BestOf1,Stone,Boost,10,8,2,905,1129,2034,464.000327524,382.8005866660001,51,61,259,584,299,240,246,230,78,51,0,24,23,0,0.8,0.2
Bot_NN,Bot_Primitive,60.0,0.1,BestOf1,Stone,Stone,10,5,5,716,824,1540,396.566064109,266.12146901200003,40,28,319,542,130,86,191,134,55,41,0,0,21,21,0.5,0.5
Bot_NN,Bot_Primitive,60.0,0.1,BestOf3,Boost,Boost,10,8,2,1440,2234,3674,620.1803118500001,599.627700837,80,71,320,1202,618,694,401,258,93,70,8,10,0,0,0.8,0.2
Bot_NN,Bot_Primitive,60.0,0.1,BestOf3,Boost,Stone,10,3,7,1084,1618,2702,585.9621061060001,473.17950859900003,116,33,306,1014,338,288,289,197,121,90,30,0,0,29,0.3,0.7
Bot_NN,Bot_Primitive,60.0,0.1,BestOf3,Stone,Boost,10,9,1,1491,1805,3296,749.208204396,608.879383356,77,100,460,956,468,405,409,312,126,93,0,39,28,0,0.9,0.1
Bot_NN,Bot_Primitive,60.0,0.1,BestOf3,Stone,Stone,10,9,1,2009,2425,4434,1004.854348811,653.530387678,101,98,800,1617,507,376,531,284,137,114,0,0,34,34,0.9,0.1
Bot_NN,Bot_Primitive,60.0,0.2,BestOf1,Boost,Boost,10,10,0,289,374,663,132.659032641,104.67700088699999,28,24,79,204,103,115,76,31,30,22,1,2,0,0,1.0,0.0
Bot_NN,Bot_Primitive,60.0,0.2,BestOf1,Boost,Stone,10,3,7,301,349,650,175.294258478,130.976903854,52,16,90,196,75,63,71,40,53,38,12,0,0,12,0.3,0.7
Bot_NN,Bot_Primitive,60.0,0.2,BestOf1,Stone,Boost,10,9,1,327,362,689,169.894475797,149.146741499,26,34,91,179,74,72,112,71,42,27,0,13,8,0,0.9,0.1
Bot_NN,Bot_Primitive,60.0,0.2,BestOf1,Stone,Stone,10,8,2,472,486,958,278.110178842,194.983975941,48,37,199,300,76,59,115,66,64,40,0,0,18,21,0.8,0.2
Bot_NN,Bot_Primitive,60.0,0.2,BestOf3,Boost,Boost,10,10,0,913,1212,2125,451.99626657700003,393.940876489,15,151,174,479,263,122,395,506,73,85,8,20,0,0,1.0,0.0
Bot_NN,Bot_Primitive,60.0,0.2,BestOf3,Boost,Stone,10,2,8,1158,1515,2673,609.731263956,471.13001956700003,173,61,314,898,305,281,325,192,181,111,33,0,0,33,0.2,0.8
Bot_NN,Bot_Primitive,60.0,0.2,BestOf3,Stone,Boost,10,9,1,980,1088,2068,462.010342296,327.771740272,72,96,290,563,321,265,248,183,108,62,0,15,13,0,0.9,0.1
Bot_NN,Bot_Primitive,60.0,0.2,BestOf3,Stone,Stone,10,10,0,977,1204,2181,487.597972269,312.80312513300004,81,75,379,728,268,269,226,115,94,82,0,0,10,10,1.0,0.0
Bot_Primitive,Bot_BT,45.0,0.1,BestOf1,Boost,Boost,10,7,3,2457,1582,4039,616.5195356060001,245.49805941399995,41,42,1280,337,187,279,946,933,36,27,8,6,0,0,0.7,0.3
Bot_Primitive,Bot_BT,45.0,0.1,BestOf1,Boost,Stone,10,5,5,705,593,1298,206.21948512900002,82.438351639,21,3,393,189,92,168,182,225,25,10,13,0,0,1,0.5,0.5
Bot_Primitive,Bot_BT,45.0,0.1,BestOf1,Stone,Boost,10,5,4,772,645,1417,219.26827572000002,135.671384569,24,28,479,219,73,167,165,221,41,27,0,11,14,0,0.5,0.4
Bot_Primitive,Bot_BT,45.0,0.1,BestOf1,Stone,Stone,10,4,4,5962,4657,10619,1107.815991559,635.5527174220001,30,21,3135,1710,264,354,2521,2560,35,27,0,0,7,6,0.4,0.4
Bot_Primitive,Bot_BT,45.0,0.1,BestOf3,Boost,Boost,10,3,7,1507,1249,2756,424.176098281,185.889037398,40,7,873,412,146,255,428,559,35,18,25,5,0,0,0.3,0.7
Bot_Primitive,Bot_BT,45.0,0.1,BestOf3,Boost,Stone,10,7,2,1851,1603,3454,523.064684842,239.432505881,45,10,1052,566,278,432,442,566,48,32,31,0,0,7,0.7,0.2
Bot_Primitive,Bot_BT,45.0,0.1,BestOf3,Stone,Boost,10,8,2,1925,1535,3460,516.232216121,348.919663003,53,68,1198,498,230,455,359,474,102,77,0,31,36,0,0.8,0.2
Bot_Primitive,Bot_BT,45.0,0.1,BestOf3,Stone,Stone,10,6,4,2627,2563,5190,681.541975709,502.624211328,101,34,1683,1128,235,462,563,843,101,92,0,0,45,38,0.6,0.4
Bot_Primitive,Bot_BT,45.0,0.2,BestOf1,Boost,Boost,10,4,1,4106,4191,8297,545.58267331,521.5730133729999,17,5,2094,2101,217,236,1781,1849,13,5,1,0,0,0,0.4,0.1
Bot_Primitive,Bot_BT,45.0,0.2,BestOf1,Boost,Stone,10,4,6,532,617,1149,130.242906528,76.097511198,11,7,302,303,111,144,107,169,3,1,9,0,0,0,0.4,0.6
Bot_Primitive,Bot_BT,45.0,0.2,BestOf1,Stone,Boost,10,8,2,506,586,1092,160.971379461,125.999743333,15,29,295,274,101,142,70,144,24,15,0,11,16,0,0.8,0.2
Bot_Primitive,Bot_BT,45.0,0.2,BestOf1,Stone,Stone,10,9,1,489,584,1073,145.86360723599998,118.53264445,27,18,286,294,67,89,95,178,27,13,0,0,14,10,0.9,0.1
Bot_Primitive,Bot_BT,45.0,0.2,BestOf3,Boost,Boost,10,4,1,11316,11562,22878,1521.7994650970002,1438.9628708879998,45,13,5776,5796,535,617,4961,5130,39,19,5,0,0,0,0.4,0.1
Bot_Primitive,Bot_BT,45.0,0.2,BestOf3,Boost,Stone,10,8,2,1087,1266,2353,253.694251618,159.779967868,30,21,614,622,140,208,303,430,16,5,14,0,0,1,0.8,0.2
Bot_Primitive,Bot_BT,45.0,0.2,BestOf3,Stone,Boost,10,10,0,1565,1697,3262,350.329794364,304.60360454199997,40,71,938,827,253,318,299,501,55,31,0,20,20,0,1.0,0.0
Bot_Primitive,Bot_BT,45.0,0.2,BestOf3,Stone,Stone,10,5,3,7308,7662,14970,1063.061532838,1012.893272168,72,33,3831,3874,289,333,3135,3410,39,32,0,0,14,13,0.5,0.3
Bot_Primitive,Bot_BT,60.0,0.1,BestOf1,Boost,Boost,10,2,4,8692,6600,15292,1669.0878725779999,890.599740766,24,15,4400,2211,312,377,3943,3990,31,18,6,4,0,0,0.2,0.4
Bot_Primitive,Bot_BT,60.0,0.1,BestOf1,Boost,Stone,10,6,4,638,539,1177,177.49783804600003,73.121767722,20,3,370,197,75,137,164,196,19,8,10,0,0,1,0.6,0.4
Bot_Primitive,Bot_BT,60.0,0.1,BestOf1,Stone,Boost,10,5,5,1161,895,2056,317.890406319,212.57096294000004,29,50,729,289,93,185,257,350,62,51,0,20,20,0,0.5,0.5
Bot_Primitive,Bot_BT,60.0,0.1,BestOf1,Stone,Stone,10,4,5,1250,1230,2480,329.35686049699996,256.791057378,51,31,800,579,100,171,257,403,69,55,0,0,24,22,0.4,0.5
Bot_Primitive,Bot_BT,60.0,0.1,BestOf3,Boost,Boost,10,2,4,24257,18422,42679,5279.4150256230005,2478.22983795,58,44,12278,6176,607,784,11276,11406,83,47,13,9,0,0,0.2,0.4
Bot_Primitive,Bot_BT,60.0,0.1,BestOf3,Boost,Stone,10,4,6,1705,1476,3181,499.888017078,208.323892139,49,9,977,510,153,306,492,632,49,24,34,0,0,4,0.4,0.6
Bot_Primitive,Bot_BT,60.0,0.1,BestOf3,Stone,Boost,10,5,5,2596,2115,4711,729.444155658,466.336846072,61,97,1631,713,226,457,566,815,121,90,0,40,52,0,0.5,0.5
Bot_Primitive,Bot_BT,60.0,0.1,BestOf3,Stone,Stone,10,6,4,2417,2303,4720,673.571755745,494.533616465,94,51,1544,993,216,385,488,790,117,92,0,0,52,43,0.6,0.4
Bot_Primitive,Bot_BT,60.0,0.2,BestOf1,Boost,Boost,10,2,1,5644,5712,11356,732.657650504,717.033952011,14,5,2857,2859,297,324,2475,2520,14,8,1,1,0,0,0.2,0.1
Bot_Primitive,Bot_BT,60.0,0.2,BestOf1,Boost,Stone,10,4,6,560,642,1202,133.806999271,79.696976689,9,4,303,310,98,136,141,194,9,2,9,0,0,0,0.4,0.6
Bot_Primitive,Bot_BT,60.0,0.2,BestOf1,Stone,Boost,10,9,1,481,589,1070,152.557763677,115.754487424,13,26,292,283,87,152,64,133,23,12,0,9,15,0,0.9,0.1
Bot_Primitive,Bot_BT,60.0,0.2,BestOf1,Stone,Stone,10,6,4,620,785,1405,211.782400594,154.653322514,33,21,361,378,46,89,150,282,40,24,0,0,23,12,0.6,0.4
Bot_Primitive,Bot_BT,60.0,0.2,BestOf3,Boost,Boost,10,2,8,6998,7126,14124,1070.543039275,963.928869376,16,38,2424,2427,185,230,4372,4457,7,8,10,4,0,0,0.2,0.8
Bot_Primitive,Bot_BT,60.0,0.2,BestOf3,Boost,Stone,10,5,5,1237,1424,2661,303.050282435,176.24707186,24,13,677,684,267,342,259,394,13,4,21,0,0,0,0.5,0.5
Bot_Primitive,Bot_BT,60.0,0.2,BestOf3,Stone,Boost,10,10,0,1391,1585,2976,359.65631903900004,281.127467656,45,74,834,759,211,289,270,489,51,30,0,18,25,0,1.0,0.0
Bot_Primitive,Bot_BT,60.0,0.2,BestOf3,Stone,Stone,10,5,1,15848,16108,31956,2070.251862205,2025.162875842,51,15,8065,8098,209,294,7517,7682,53,30,0,0,4,4,0.5,0.1
Bot_Primitive,Bot_MCTS,45.0,0.1,BestOf1,Boost,Boost,10,4,6,757,439,1196,201.49605582200002,139.20000000000002,33,37,409,141,235,187,77,94,33,12,3,5,0,0,0.4,0.6
Bot_Primitive,Bot_MCTS,45.0,0.1,BestOf1,Boost,Stone,10,3,7,739,627,1366,228.60667261100005,220.40000000000003,69,11,381,295,124,151,165,154,54,13,15,0,0,14,0.3,0.7
Bot_Primitive,Bot_MCTS,45.0,0.1,BestOf1,Stone,Boost,10,6,4,556,336,892,146.17926190900002,138.4,27,15,326,125,52,104,140,93,31,3,0,11,7,0,0.6,0.4
Bot_Primitive,Bot_MCTS,45.0,0.1,BestOf1,Stone,Stone,10,6,4,1732,1194,2926,385.603559831,344.8,63,16,1101,652,115,206,439,316,65,7,0,0,12,13,0.6,0.4
Bot_Primitive,Bot_MCTS,45.0,0.1,BestOf3,Boost,Boost,10,5,5,1284,777,2061,425.490505842,396.8999999999999,82,18,697,276,128,205,369,236,61,19,29,41,0,0,0.5,0.5
Bot_Primitive,Bot_MCTS,45.0,0.1,BestOf3,Boost,Stone,10,4,6,1387,1122,2509,502.43879381500005,526.6999999999999,123,23,699,477,204,244,334,320,107,29,43,0,0,52,0.4,0.6
Bot_Primitive,Bot_MCTS,45.0,0.1,BestOf3,Stone,Boost,10,5,5,1617,958,2575,485.633287145,474.8999999999999,75,61,978,374,181,234,341,279,82,21,0,50,35,0,0.5,0.5
Bot_Primitive,Bot_MCTS,45.0,0.1,BestOf3,Stone,Stone,10,6,4,1980,1465,3445,642.075457574,676.9999999999999,115,42,1231,711,130,261,454,398,108,29,0,0,57,66,0.6,0.4
Bot_Primitive,Bot_MCTS,45.0,0.2,BestOf1,Boost,Boost,10,2,8,664,357,1021,188.535845052,137.20000000000002,60,13,349,94,28,97,250,147,28,10,9,9,0,0,0.2,0.8
Bot_Primitive,Bot_MCTS,45.0,0.2,BestOf1,Boost,Stone,10,3,7,326,273,599,152.789122296,172.8,56,7,156,118,40,57,75,67,37,9,18,0,0,22,0.3,0.7
Bot_Primitive,Bot_MCTS,45.0,0.2,BestOf1,Stone,Boost,10,5,5,427,260,687,157.712600797,166.5,31,22,234,90,69,80,77,63,32,6,0,21,15,0,0.5,0.5
Bot_Primitive,Bot_MCTS,45.0,0.2,BestOf1,Stone,Stone,10,5,4,412,307,719,166.62935266300002,195.3,41,16,222,121,46,66,86,82,40,13,0,0,18,25,0.5,0.4
Bot_Primitive,Bot_MCTS,45.0,0.2,BestOf3,Boost,Boost,10,2,8,1394,765,2159,378.58539976000003,283.69999999999993,138,22,741,203,78,241,476,279,81,25,18,17,0,0,0.2,0.8
Bot_Primitive,Bot_MCTS,45.0,0.2,BestOf3,Boost,Stone,10,1,9,915,707,1622,355.50409430400003,387.5999999999999,141,20,448,273,147,173,205,190,79,28,36,0,0,43,0.1,0.9
Bot_Primitive,Bot_MCTS,45.0,0.2,BestOf3,Stone,Boost,10,5,5,1217,743,1960,367.09012465700005,375.5,102,78,675,277,110,178,282,234,121,14,0,40,29,0,0.5,0.5
Bot_Primitive,Bot_MCTS,45.0,0.2,BestOf3,Stone,Stone,10,6,4,1715,1297,3012,521.037201782,570.1999999999999,152,52,1019,640,113,215,394,373,145,17,0,0,44,52,0.6,0.4
Bot_Primitive,Bot_MCTS,60.0,0.1,BestOf1,Boost,Boost,10,2,8,964,537,1501,242.15856485700004,173.8,33,12,516,155,123,187,292,180,29,9,4,6,0,0,0.2,0.8
Bot_Primitive,Bot_MCTS,60.0,0.1,BestOf1,Boost,Stone,10,0,10,490,422,912,181.53993673000002,194.49999999999997,50,3,253,172,74,105,107,114,40,12,16,0,0,19,0.0,1.0
Bot_Primitive,Bot_MCTS,60.0,0.1,BestOf1,Stone,Boost,10,4,5,899,527,1426,275.04015228900005,269.1,32,33,525,175,108,157,198,157,48,9,0,29,20,0,0.4,0.5
Bot_Primitive,Bot_MCTS,60.0,0.1,BestOf1,Stone,Stone,10,2,7,891,702,1593,298.264366633,328.4,48,22,549,348,76,116,194,192,45,12,0,0,27,34,0.2,0.7
Bot_Primitive,Bot_MCTS,60.0,0.1,BestOf3,Boost,Boost,10,1,9,2507,1345,3852,633.7214733120001,431.19999999999993,90,21,1330,337,277,425,822,558,66,12,12,13,0,0,0.1,0.9
Bot_Primitive,Bot_MCTS,60.0,0.1,BestOf3,Boost,Stone,10,1,9,3107,2393,5500,803.0120660330001,759.1999999999999,224,24,1570,1040,436,597,893,675,180,47,28,0,0,34,0.1,0.9
Bot_Primitive,Bot_MCTS,60.0,0.1,BestOf3,Stone,Boost,10,8,2,2972,1594,4566,675.144339338,491.59999999999997,103,63,1743,493,308,500,784,565,122,18,0,18,15,0,0.8,0.2
Bot_Primitive,Bot_MCTS,60.0,0.1,BestOf3,Stone,Stone,10,2,8,3477,2297,5774,783.3679344300001,657.1999999999999,122,40,2154,1200,321,520,867,542,117,15,0,0,18,20,0.2,0.8
Bot_Primitive,Bot_MCTS,60.0,0.2,BestOf1,Boost,Boost,10,2,8,398,227,625,99.326750942,79.5,39,10,215,76,29,58,125,81,26,8,3,4,0,0,0.2,0.8
Bot_Primitive,Bot_MCTS,60.0,0.2,BestOf1,Boost,Stone,10,3,7,356,309,665,147.53339584,178.9,59,10,173,133,54,68,80,80,32,7,17,0,0,21,0.3,0.7
Bot_Primitive,Bot_MCTS,60.0,0.2,BestOf1,Stone,Boost,10,3,7,330,213,543,116.427862694,129.70000000000002,26,22,181,80,41,53,63,58,34,6,0,16,11,0,0.3,0.7
Bot_Primitive,Bot_MCTS,60.0,0.2,BestOf1,Stone,Stone,10,4,6,628,469,1097,229.95244949,254.59999999999997,55,20,378,226,34,79,144,123,48,12,0,0,24,29,0.4,0.6
Bot_Primitive,Bot_MCTS,60.0,0.2,BestOf3,Boost,Boost,10,5,5,1144,801,1945,399.01285093600006,318.19999999999993,90,102,504,262,341,239,213,263,65,16,21,21,0,0,0.5,0.5
Bot_Primitive,Bot_MCTS,60.0,0.2,BestOf3,Boost,Stone,10,3,7,978,822,1800,455.501063529,495.5999999999999,166,26,473,271,122,177,219,284,110,30,54,0,0,60,0.3,0.7
Bot_Primitive,Bot_MCTS,60.0,0.2,BestOf3,Stone,Boost,10,5,5,981,604,1585,381.561869262,411.5,81,61,546,236,108,119,209,184,77,10,0,55,41,0,0.5,0.5
Bot_Primitive,Bot_MCTS,60.0,0.2,BestOf3,Stone,Stone,10,1,9,1935,1367,3302,484.25966102300004,471.79999999999995,149,48,1196,725,88,236,496,345,128,32,0,0,27,29,0.1,0.9
Bot_Primitive,Bot_NN,45.0,0.1,BestOf1,Boost,Boost,10,0,10,791,517,1308,212.96827723500002,235.769438216,32,35,430,121,228,191,96,162,33,42,4,1,0,0,0.0,1.0
Bot_Primitive,Bot_NN,45.0,0.1,BestOf1,Boost,Stone,10,2,8,678,460,1138,209.77633161400001,239.611058434,53,8,350,109,57,143,226,171,34,32,11,0,0,5,0.2,0.8
Bot_Primitive,Bot_NN,45.0,0.1,BestOf1,Stone,Boost,10,6,4,696,469,1165,205.826509957,251.38211500300002,31,37,437,126,56,128,139,153,49,51,0,11,15,0,0.6,0.4
Bot_Primitive,Bot_NN,45.0,0.1,BestOf1,Stone,Stone,10,3,7,1535,1361,2896,341.77270434,572.973212336,71,27,978,428,142,396,328,458,76,69,0,0,11,10,0.3,0.7
Bot_Primitive,Bot_NN,45.0,0.1,BestOf3,Boost,Boost,10,1,9,1434,923,2357,436.82258962900005,496.684289186,90,16,772,228,175,287,411,335,54,59,22,14,0,0,0.1,0.9
Bot_Primitive,Bot_NN,45.0,0.1,BestOf3,Boost,Stone,10,1,9,1498,1101,2599,446.985691456,540.3965208310001,111,18,791,299,191,314,419,394,74,82,23,0,0,12,0.1,0.9
Bot_Primitive,Bot_NN,45.0,0.1,BestOf3,Stone,Boost,10,5,5,1826,1201,3027,456.00133825100005,600.859102706,90,72,1115,306,207,372,375,387,110,117,0,19,19,0,0.5,0.5
Bot_Primitive,Bot_NN,45.0,0.1,BestOf3,Stone,Stone,10,3,7,2857,2331,5188,713.744176411,1087.6018684160001,146,68,1767,786,298,596,612,750,147,167,0,0,33,32,0.3,0.7
Bot_Primitive,Bot_NN,45.0,0.2,BestOf1,Boost,Boost,10,1,9,423,269,692,99.058980525,133.417443241,49,5,229,66,29,85,137,93,26,24,2,1,0,0,0.1,0.9
Bot_Primitive,Bot_NN,45.0,0.2,BestOf1,Boost,Stone,10,3,7,413,347,760,170.39520352600002,178.972342828,54,8,197,89,61,99,105,112,33,39,17,0,0,8,0.3,0.7
Bot_Primitive,Bot_NN,45.0,0.2,BestOf1,Stone,Boost,10,5,5,467,372,839,170.12973615600004,222.31465511300001,35,44,282,116,61,92,67,89,40,59,0,16,17,0,0.5,0.5
Bot_Primitive,Bot_NN,45.0,0.2,BestOf1,Stone,Stone,10,4,6,522,514,1036,184.77073842500002,297.871651857,56,28,318,197,46,96,84,138,55,65,0,0,19,18,0.4,0.6
Bot_Primitive,Bot_NN,45.0,0.2,BestOf3,Boost,Boost,10,1,9,1178,770,1948,305.377666127,371.89421816000004,137,16,628,166,61,203,400,332,77,61,12,8,0,0,0.1,0.9
Bot_Primitive,Bot_NN,45.0,0.2,BestOf3,Boost,Stone,10,1,9,965,764,1729,392.545583697,415.106201586,133,17,472,196,118,179,266,289,69,79,40,0,0,21,0.1,0.9
Bot_Primitive,Bot_NN,45.0,0.2,BestOf3,Stone,Boost,10,6,4,1028,849,1877,374.857574804,485.15972876,96,83,577,243,124,221,191,222,99,132,0,31,37,0,0.6,0.4
Bot_Primitive,Bot_NN,45.0,0.2,BestOf3,Stone,Stone,10,7,3,1064,965,2029,402.76948592,577.3926795470001,113,52,619,339,127,220,185,246,91,125,0,0,42,35,0.7,0.3
Bot_Primitive,Bot_NN,60.0,0.1,BestOf1,Boost,Boost,10,2,8,1358,785,2143,348.97297353000005,368.489431086,60,10,712,125,111,242,487,374,41,38,7,6,0,0,0.2,0.8
Bot_Primitive,Bot_NN,60.0,0.1,BestOf1,Boost,Stone,10,1,9,666,475,1141,219.694264692,240.594310814,49,6,344,115,77,125,192,197,38,33,15,0,0,5,0.1,0.9
Bot_Primitive,Bot_NN,60.0,0.1,BestOf1,Stone,Boost,10,5,5,664,461,1125,198.04569664500002,247.464452376,35,33,421,130,76,131,108,139,45,53,0,8,14,0,0.5,0.5
Bot_Primitive,Bot_NN,60.0,0.1,BestOf1,Stone,Stone,10,5,4,849,705,1554,242.77210411400003,369.184462877,52,30,534,230,72,193,178,202,48,63,0,0,17,17,0.5,0.4
Bot_Primitive,Bot_NN,60.0,0.1,BestOf3,Boost,Boost,10,0,10,1661,1039,2700,392.570558767,495.019154156,77,21,909,228,241,381,449,371,58,57,4,2,0,0,0.0,1.0
Bot_Primitive,Bot_NN,60.0,0.1,BestOf3,Boost,Stone,10,1,9,1424,1040,2464,454.99263679,515.9405442780001,112,18,751,290,196,286,368,376,81,76,28,0,0,12,0.1,0.9
Bot_Primitive,Bot_NN,60.0,0.1,BestOf3,Stone,Boost,10,6,4,2279,1485,3764,620.294145377,753.341390554,101,95,1366,347,264,430,489,535,126,139,0,34,34,0,0.6,0.4
Bot_Primitive,Bot_NN,60.0,0.1,BestOf3,Stone,Stone,10,4,6,2615,2077,4692,656.454220254,1064.695441986,155,60,1669,784,215,509,565,607,131,141,0,0,35,36,0.4,0.6
Bot_Primitive,Bot_NN,60.0,0.2,BestOf1,Boost,Boost,10,1,9,501,319,820,130.91151376,150.67008611,59,7,266,71,26,94,171,128,33,24,5,2,0,0,0.1,0.9
Bot_Primitive,Bot_NN,60.0,0.2,BestOf1,Boost,Stone,10,1,9,385,297,682,148.929124036,147.849481161,49,3,181,66,52,70,110,130,28,26,14,0,0,5,0.1,0.9
Bot_Primitive,Bot_NN,60.0,0.2,BestOf1,Stone,Boost,10,6,4,496,384,880,185.14780002400002,226.431136565,45,35,268,96,61,112,108,104,41,57,0,15,18,0,0.6,0.4
Bot_Primitive,Bot_NN,60.0,0.2,BestOf1,Stone,Stone,10,2,8,542,442,984,187.240039332,261.53685679200004,57,21,312,156,60,108,113,116,40,49,0,0,17,13,0.2,0.8
Bot_Primitive,Bot_NN,60.0,0.2,BestOf3,Boost,Boost,10,3,7,1041,891,1932,343.0387448,413.99854018400003,92,85,439,201,379,346,158,239,52,97,13,8,0,0,0.3,0.7
Bot_Primitive,Bot_NN,60.0,0.2,BestOf3,Boost,Stone,10,1,9,946,734,1680,313.663181052,356.860789348,111,17,474,187,119,189,264,277,67,72,22,0,0,9,0.1,0.9
Bot_Primitive,Bot_NN,60.0,0.2,BestOf3,Stone,Boost,10,2,8,1124,792,1916,273.712915484,362.87947608400003,115,45,618,194,119,233,281,276,95,80,0,9,11,0,0.2,0.8
Bot_Primitive,Bot_NN,60.0,0.2,BestOf3,Stone,Stone,10,0,10,1291,1019,2310,301.700517154,543.614220419,144,34,807,423,62,203,299,276,108,103,0,0,15,14,0.0,1.0
